﻿<?xml version="1.0"?>
<doc>
<assembly>
<name>
StardewAutoGC
</name>
</assembly>
<members>
<member name="T:StardewAutoGC.My.Resources.Resources">
<summary>
  一个强类型的资源类，用于查找本地化的字符串等。
</summary>
</member>
<member name="P:StardewAutoGC.My.Resources.Resources.ResourceManager">
<summary>
  返回此类使用的缓存的 ResourceManager 实例。
</summary>
</member>
<member name="P:StardewAutoGC.My.Resources.Resources.Culture">
<summary>
  重写当前线程的 CurrentUICulture 属性，对
  使用此强类型资源类的所有资源查找执行重写。
</summary>
</member>
</members>
</doc>
